Model,Sharpe,Annualized_Return,Annualized_Volatility,Cumulative_Return,Mean_Return,Volatility
Markowitz Classico,0.5246662016867563,0.3483235136099756,0.30883572808012283,4.495484648873942,0.025217889286266875,0.08915319537121649
Markowitz + Regressao Linear,0.4900645026041515,0.331540878778837,0.30445248943159003,4.201369100817756,0.02414836340317737,0.0878878633643901
Markowitz + MLP,0.5154073931768668,0.3141496524699072,0.26337268503044897,4.146983303287628,0.02302693600531469,0.07602914529976212
