Model,Sharpe,Annualized_Return,Annualized_Volatility,Cumulative_Return,Mean_Return,Volatility
Markowitz Classico,0.524665891594827,0.3483234376479274,0.30883580052353976,4.495482608274097,0.02521788447302714,0.08915321628382963
Markowitz + Regressao Linear,0.49006525947734164,0.33154135036324206,0.30445275936487926,4.201376135690357,0.024148393629581898,0.0878879412874187
Markowitz + MLP,0.5153893066412439,0.31414161252996164,0.26336978358223173,4.146849472790227,0.02302641443241179,0.07602830772380749
