Model,Mean,Volatility,Sharpe,Cumulative_Return
linear_metrics,0.0006695922904478408,0.01399592708125145,0.7594672378813413,2.302013443514314
