Model,Mean,Volatility,Sharpe,Cumulative_Return
linear_metrics,0.0007628635192002808,0.015082600502030637,0.8029174368766518,1.6292971541813208
