Model,Mean,Volatility,Sharpe,Cumulative_Return
linear_metrics,0.001087759469542991,0.01810855442582565,0.9535629321891852,2.9624530123872987
