Model,Mean,Volatility,Sharpe,Cumulative_Return
linear_metrics,0.0006752546020208978,0.013718334334236453,0.7813874651562616,2.3685056850170554
