Model,Mean,Volatility,Sharpe,Cumulative_Return
linear_metrics,0.0006752541732877214,0.013718331119925497,0.7813871521221284,2.3685030110563434
