Model,Sharpe,Annualized_Return,Annualized_Volatility,Cumulative_Return,Mean_Return,Volatility
Markowitz + MLP,0.5718320954435151,0.3432626094477631,0.27662123143459766,4.634375931608204,0.024896658454471008,0.07985367121616536
