Model,Sharpe,Annualized_Return,Annualized_Volatility,Cumulative_Return,Mean_Return,Volatility
Markowitz Classico,0.5432380789917055,0.3316140639346785,0.2747554933466979,4.405087874197609,0.024153054119693255,0.07931507902252224
