Model,Sharpe,Annualized_Return,Annualized_Volatility,Cumulative_Return,Mean_Return,Volatility
Markowitz + MLP,0.5153893066412439,0.31414161252996164,0.26336978358223173,4.146849472790227,0.02302641443241179,0.07602830772380749
