Model,Sharpe,Annualized_Return,Annualized_Volatility,Cumulative_Return,Mean_Return,Volatility
Markowitz + Regressao Linear,0.4900645026041515,0.331540878778837,0.30445248943159003,4.201369100817756,0.02414836340317737,0.0878878633643901
