Model,Sharpe,Annualized_Return,Annualized_Volatility,Cumulative_Return,Mean_Return,Volatility
Markowitz Classico,0.524665891594827,0.3483234376479274,0.30883580052353976,4.495482608274097,0.02521788447302714,0.08915321628382963
