Model,Sharpe,Annualized_Return,Annualized_Volatility,Cumulative_Return,Mean_Return,Volatility
Markowitz + Regressao Linear,0.49006525947734164,0.33154135036324206,0.30445275936487926,4.201376135690357,0.024148393629581898,0.0878879412874187
