Model,Sharpe,Annualized_Return,Annualized_Volatility,Cumulative_Return,Mean_Return,Volatility
Markowitz + MLP,0.5154073931768668,0.3141496524699072,0.26337268503044897,4.146983303287628,0.02302693600531469,0.07602914529976212
