Modelo,MSE,R²,Correlação
MLPRegressor,0.032629,-1.005653,0.053489
Ridge,0.030666,-0.601264,0.020429
