Modelo,MSE,R²,Correlação
MLPRegressor,0.032629,-1.005665,0.053489
Ridge,0.030666,-0.601265,0.020428
