Model,Mean,Volatility,Sharpe,Cumulative_Return
rnn_metrics,0.0007805390916406422,0.014040674317463859,0.8824842504081719,3.159480586962119
