Model,Mean,Volatility,Sharpe,Cumulative_Return
standard_markowitz,0.0008974759894401147,0.015219886159351206,0.9360772810713563,2.2028095501813723
