Model,Mean,Volatility,Sharpe,Cumulative_Return
standard_markowitz,0.0007628651998407215,0.015082605422445244,0.8029189438214122,1.629303433572403
