Model,Mean,Volatility,Sharpe,Cumulative_Return
standard_markowitz,0.0006866628020265025,0.013731218687257768,0.7938431613823732,2.448597445473555
